-- ⚠️  WARNING: 로컬 개발 전용 시드 데이터. 프로덕션에서 절대 실행하지 마세요!
-- 실행: make seed (apps/api/ 디렉터리에서)

BEGIN;

-- 기존 데이터 정리 (FK 순서: works → auth_accounts → creators)
TRUNCATE works, auth_accounts, creators CASCADE;

-- ============================================================
-- 크리에이터 5명
-- ============================================================
INSERT INTO creators (id, nickname, bio, roles, contacts, avatar_url) VALUES
(
    '00000000-0000-0000-0000-000000000001',
    '하루',
    '인디 작곡가. 몽환적인 신스팝을 만듭니다.',
    '{"작곡","사운드디자인"}',
    '{"twitter": "@haru_synth", "discord": "haru#1234"}',
    NULL
),
(
    '00000000-0000-0000-0000-000000000002',
    'mochi',
    '프리랜서 일러스트레이터 / 컨셉 아티스트',
    '{"일러스트"}',
    '{"twitter": "@mochi_draws"}',
    NULL
),
(
    '00000000-0000-0000-0000-000000000003',
    '제로',
    '모션그래픽 & 뮤직비디오 편집',
    '{"영상편집"}',
    '{"twitter": "@zero_motion", "discord": "zero#5678"}',
    NULL
),
(
    '00000000-0000-0000-0000-000000000004',
    'codex',
    '게임 개발자. Unity / Unreal 양쪽 다 합니다.',
    '{"프로그래밍"}',
    '{"discord": "codex#9999"}',
    NULL
),
(
    '00000000-0000-0000-0000-000000000005',
    '소라',
    '시나리오 작가. 보이스드라마, 비주얼노벨 스토리.',
    '{"시나리오 라이터","작사"}',
    '{"twitter": "@sora_writes"}',
    NULL
);

-- ============================================================
-- OAuth 계정 (크리에이터당 1건)
-- ============================================================
INSERT INTO auth_accounts (id, creator_id, provider, provider_id, email) VALUES
(
    '10000000-0000-0000-0000-000000000001',
    '00000000-0000-0000-0000-000000000001',
    'google',
    'google-uid-haru',
    'haru@example.com'
),
(
    '10000000-0000-0000-0000-000000000002',
    '00000000-0000-0000-0000-000000000002',
    'twitter',
    'twitter-uid-mochi',
    'mochi@example.com'
),
(
    '10000000-0000-0000-0000-000000000003',
    '00000000-0000-0000-0000-000000000003',
    'discord',
    'discord-uid-zero',
    'zero@example.com'
),
(
    '10000000-0000-0000-0000-000000000004',
    '00000000-0000-0000-0000-000000000004',
    'google',
    'google-uid-codex',
    'codex@example.com'
),
(
    '10000000-0000-0000-0000-000000000005',
    '00000000-0000-0000-0000-000000000005',
    'twitter',
    'twitter-uid-sora',
    'sora@example.com'
);

-- ============================================================
-- 작품 12건 (5개 분야 모두 포함)
-- ============================================================

-- 음악 (하루)
INSERT INTO works (id, creator_id, url, title, description, field, tags, og_image) VALUES
(
    '20000000-0000-0000-0000-000000000001',
    '00000000-0000-0000-0000-000000000001',
    'https://soundcloud.com/haru/dreamscape',
    'Dreamscape',
    '몽환적인 신스팝 트랙. 새벽 감성.',
    '음악',
    '{"신스팝","몽환","인디","전자음악"}',
    NULL
),
(
    '20000000-0000-0000-0000-000000000002',
    '00000000-0000-0000-0000-000000000001',
    'https://soundcloud.com/haru/neon-rain',
    'Neon Rain',
    '사이버펑크 분위기의 비트.',
    '음악',
    '{"사이버펑크","비트","전자음악"}',
    NULL
);

-- 미술 (mochi)
INSERT INTO works (id, creator_id, url, title, description, field, tags, og_image) VALUES
(
    '20000000-0000-0000-0000-000000000003',
    '00000000-0000-0000-0000-000000000002',
    'https://www.pixiv.net/artworks/12345678',
    '밤의 정원',
    '판타지 배경 일러스트. 달빛 아래 정원.',
    '미술',
    '{"판타지","배경","일러스트","컨셉아트"}',
    NULL
),
(
    '20000000-0000-0000-0000-000000000004',
    '00000000-0000-0000-0000-000000000002',
    'https://www.pixiv.net/artworks/87654321',
    '캐릭터 디자인 - 루나',
    '오리지널 캐릭터 루나의 풀바디 디자인.',
    '미술',
    '{"캐릭터디자인","오리지널","일러스트"}',
    NULL
),
(
    '20000000-0000-0000-0000-000000000005',
    '00000000-0000-0000-0000-000000000002',
    'https://www.pixiv.net/artworks/11111111',
    '앨범 자켓 - Dreamscape',
    '하루의 Dreamscape 앨범 자켓 작업.',
    '미술',
    '{"앨범아트","커미션","일러스트"}',
    NULL
);

-- 영상편집 (제로)
INSERT INTO works (id, creator_id, url, title, description, field, tags, og_image) VALUES
(
    '20000000-0000-0000-0000-000000000006',
    '00000000-0000-0000-0000-000000000003',
    'https://www.youtube.com/watch?v=abc123',
    'Dreamscape MV',
    '하루 × mochi 콜라보 뮤직비디오.',
    '영상편집',
    '{"뮤직비디오","모션그래픽","콜라보"}',
    NULL
),
(
    '20000000-0000-0000-0000-000000000007',
    '00000000-0000-0000-0000-000000000003',
    'https://www.youtube.com/watch?v=def456',
    '타이포그래피 모션 릴',
    '키네틱 타이포그래피 쇼릴.',
    '영상편집',
    '{"타이포그래피","모션그래픽","쇼릴"}',
    NULL
);

-- 프로그래밍 (codex)
INSERT INTO works (id, creator_id, url, title, description, field, tags, og_image) VALUES
(
    '20000000-0000-0000-0000-000000000008',
    '00000000-0000-0000-0000-000000000004',
    'https://github.com/codex/pixel-dungeon',
    'Pixel Dungeon',
    '2D 로그라이크 게임. Unity 기반.',
    '프로그래밍',
    '{"게임개발","Unity","2D","로그라이크"}',
    NULL
),
(
    '20000000-0000-0000-0000-000000000009',
    '00000000-0000-0000-0000-000000000004',
    'https://github.com/codex/sound-vis',
    'Sound Visualizer',
    '음악 시각화 웹앱. Three.js 기반.',
    '프로그래밍',
    '{"웹개발","Three.js","시각화","인터랙티브"}',
    NULL
);

-- 시나리오 라이터 (소라)
INSERT INTO works (id, creator_id, url, title, description, field, tags, og_image) VALUES
(
    '20000000-0000-0000-0000-000000000010',
    '00000000-0000-0000-0000-000000000005',
    'https://twitter.com/sora_writes/status/999',
    '잊혀진 계절 - 시나리오',
    '보이스드라마 시나리오. 전 4화 완결.',
    '시나리오 라이터',
    '{"보이스드라마","시나리오","판타지","완결"}',
    NULL
),
(
    '20000000-0000-0000-0000-000000000011',
    '00000000-0000-0000-0000-000000000005',
    'https://twitter.com/sora_writes/status/888',
    '비주얼노벨 - 카페 루미에르',
    '비주얼노벨 메인 시나리오. 일상+미스터리.',
    '시나리오 라이터',
    '{"비주얼노벨","시나리오","미스터리","일상"}',
    NULL
),
(
    '20000000-0000-0000-0000-000000000012',
    '00000000-0000-0000-0000-000000000005',
    'https://twitter.com/sora_writes/status/777',
    'Neon Rain 가사',
    '하루의 Neon Rain 작사 작업.',
    '시나리오 라이터',
    '{"작사","콜라보","사이버펑크"}',
    NULL
);

COMMIT;
